site,buried
1,F
2,F
3,F
4,F
5,F
6,F
7,F
8,F
9,F
10,F
11,F
12,F
13,F
14,F
15,F
16,F
17,F
18,F
19,F
20,F
21,F
22,F
23,F
24,F
25,F
26,F
27,F
28,F
29,F
30,F
31,F
32,F
33,F
34,F
35,F
36,F
37,F
38,F
39,F
40,F
41,F
42,F
43,F
44,F
45,F
46,T
47,F
48,F
49,F
50,T
51,F
52,F
53,F
54,F
55,F
56,F
57,F
58,F
59,F
60,F
61,T
62,F
63,T
64,F
65,F
66,F
67,F
68,T
69,F
70,F
71,F
72,F
73,F
74,F
75,F
76,F
77,F
78,F
79,F
80,T
81,T
82,F
83,T
84,F
85,F
86,F
87,F
88,F
89,F
90,F
91,T
92,F
93,F
94,F
95,T
96,F
97,F
98,F
99,F
100,F
101,F
102,T
103,F
104,F
105,F
106,F
107,T
108,F
109,F
110,F
111,F
112,F
113,F
114,T
115,F
116,F
117,F
118,F
119,F
120,F
121,F
122,F
123,F
124,F
125,F
126,F
127,F
128,F
129,F
130,T
131,T
132,F
133,F
134,F
135,F
136,F
137,F
138,F
139,T
140,F
141,F
142,T
143,F
144,F
145,F
146,T
147,F
148,F
149,F
150,F
151,F
152,F
153,F
154,F
155,F
156,F
157,F
158,F
159,F
160,F
161,F
162,F
163,F
164,F
165,F
166,F
167,T
168,F
169,T
170,F
171,F
172,F
173,T
174,F
175,F
176,F
177,F
178,F
179,T
180,F
181,T
182,F
183,F
184,F
185,F
186,F
187,unknown
188,unknown
189,unknown
190,unknown
191,unknown
192,unknown
193,unknown
194,unknown
195,unknown
196,unknown
197,unknown
198,unknown
199,unknown
200,unknown
201,unknown
202,unknown
203,unknown
204,unknown
205,F
206,F
207,F
208,F
209,F
210,F
211,F
212,F
213,F
214,F
215,F
216,F
217,T
218,F
219,F
220,F
221,T
222,F
223,T
224,F
225,F
226,F
227,F
228,F
229,F
230,F
231,F
232,F
233,F
234,F
235,F
236,F
237,F
238,F
239,F
240,F
241,F
242,F
243,T
244,F
245,T
246,T
247,T
248,T
249,F
250,T
251,T
252,F
253,F
254,F
255,T
256,F
257,F
258,T
259,T
260,F
261,F
262,T
263,T
264,F
265,F
266,T
267,F
268,F
269,F
270,F
271,F
272,F
273,F
274,F
275,F
276,F
277,F
278,F
279,F
280,F
281,F
282,T
283,F
284,F
285,T
286,F
287,F
288,F
289,T
290,F
291,F
292,F
293,F
294,F
295,F
296,F
297,F
298,F
299,T
300,F
301,T
302,T
303,F
304,F
305,F
306,F
307,F
308,F
309,F
310,F
311,F
312,T
313,F
314,T
315,F
316,F
317,F
318,T
319,F
320,F
321,F
322,T
323,F
324,F
325,T
326,T
327,F
328,F
329,F
330,F
331,F
332,F
333,F
334,F
335,F
336,F
337,F
338,F
339,F
340,F
341,T
342,F
343,F
344,T
345,F
346,F
347,T
348,T
349,F
350,F
351,T
352,F
353,F
354,F
355,F
356,F
357,F
358,F
359,F
360,F
361,F
362,F
363,F
364,F
365,F
366,F
367,F
368,F
369,F
370,T
371,F
372,F
373,T
374,F
375,F
376,F
377,F
378,F
379,F
380,F
381,F
382,F
383,F
384,F
385,F
386,F
387,F
388,F
389,F
390,F
391,F
392,T
393,F
394,F
395,F
396,F
397,F
398,F
399,F
400,T
401,F
402,T
403,T
404,T
405,T
406,T
407,T
408,T
409,F
410,F
411,F
412,T
413,F
414,F
415,T
416,T
417,F
418,F
419,T
420,T
421,T
422,T
423,T
424,T
425,T
426,F
427,F
428,F
429,F
430,F
431,F
432,T
433,F
434,F
435,F
436,F
437,F
438,T
439,F
440,F
441,T
442,F
443,F
444,F
445,F
446,F
447,T
448,T
449,F
450,T
451,F
452,T
453,T
454,F
455,F
456,F
457,F
458,F
459,F
460,F
461,F
462,F
463,F
464,F
465,F
466,F
467,F
468,F
469,F
470,T
471,F
472,F
473,F
474,T
475,T
476,F
477,F
478,T
479,F
480,F
481,F
482,F
483,F
484,F
485,F
486,F
487,F
488,T
489,F
490,T
491,F
492,T
493,F
494,F
495,F
496,F
497,F
498,F
499,F
500,F
501,F
502,F
503,F
504,F
505,F
506,T
507,F
508,F
509,F
510,F
511,F
512,F
513,F
514,F
515,F
516,F
517,F
518,F
519,T
520,F
521,T
522,T
523,F
524,F
525,F
526,T
527,T
528,F
529,T
530,T
531,F
532,F
533,T
534,F
535,F
536,F
537,F
538,F
539,F
540,F
541,F
542,F
543,F
544,F
545,F
546,F
547,F
548,T
549,F
550,F
551,T
552,F
553,F
554,F
555,T
556,F
557,F
558,F
559,F
560,F
561,F
562,F
563,F
564,T
565,F
566,F
567,F
568,F
569,F
570,F
571,F
572,F
573,F
574,F
575,F
576,F
577,F
578,F
579,F
580,F
581,F
582,F
583,F
584,F
585,F
586,F
587,F
588,T
589,T
590,F
591,T
592,F
593,F
594,F
595,F
596,F
597,F
598,F
599,F
600,F
601,F
602,F
603,F
604,T
605,F
606,F
607,F
608,F
609,F
610,F
611,F
612,F
613,F
614,F
615,F
616,F
617,F
618,F
619,F
620,F
621,F
622,F
623,F
624,T
625,F
626,F
627,F
628,F
629,F
630,F
631,F
632,F
633,F
634,F
635,F
636,F
637,F
638,F
639,F
640,F
641,F
642,F
643,F
644,F
645,unknown
646,unknown
647,unknown
648,unknown
649,unknown
650,unknown
651,unknown
652,unknown
653,unknown
654,F
655,F
656,F
657,F
658,F
659,F
660,F
661,F
662,T
663,F
664,F
665,F
666,F
667,F
668,F
669,F
670,F
671,F
672,F
673,F
674,F
675,F
676,F
677,F
678,F
679,F
680,F
681,F
682,F
683,F
684,F
685,F
686,F
687,F
688,F
689,F
690,F
691,F
692,F
693,F
694,F
695,F
696,F
697,F
698,F
699,F
700,F
701,F
702,F
703,F
704,F
705,F
706,F
707,F
708,F
709,F
710,F
711,F
712,F
713,F
714,F
715,F
716,F
717,F
718,F
719,F
720,F
721,F
722,F
723,F
724,F
725,F
726,T
727,F
728,F
729,F
730,F
731,F
732,F
733,F
734,F
735,F
736,F
737,F
738,F
739,F
740,F
741,F
742,F
743,F
744,F
745,F
746,F
747,F
748,F
749,F
750,F
751,F
752,F
753,F
754,F
755,F
756,F
757,unknown
