site,D
1,NExt
2,NExt
3,NExt
4,NExt
5,NExt
6,NExt
7,NExt
8,NExt
9,NExt
10,NExt
11,NExt
12,NExt
13,NExt
14,NExt
15,NExt
16,NExt
17,NExt
18,NExt
19,NExt
20,NExt
21,NExt
22,NExt
23,NExt
24,NExt
25,NExt
26,NExt
27,NExt
28,NExt
29,NExt
30,NExt
31,NExt
32,NExt
33,NExt
34,NExt
35,Fingers
36,Fingers
37,Fingers
38,Fingers
39,Fingers
40,Fingers
41,Fingers
42,Fingers
43,Fingers
44,Fingers
45,Fingers
46,Fingers
47,Fingers
48,Fingers
49,Fingers
50,Fingers
51,Fingers
52,Fingers
53,Fingers
54,Fingers
55,Fingers
56,Fingers
57,Fingers
58,Fingers
59,Fingers
60,Fingers
61,Fingers
62,Fingers
63,Fingers
64,Fingers
65,Fingers
66,Fingers
67,Fingers
68,Fingers
69,Fingers
70,Fingers
71,Fingers
72,Fingers
73,Fingers
74,Fingers
75,Fingers
76,Fingers
77,Fingers
78,Fingers
79,Fingers
80,Fingers
81,Fingers
82,Fingers
83,Fingers
84,Fingers
85,Fingers
86,Fingers
87,Fingers
88,Fingers
89,Fingers
90,Fingers
91,Fingers
92,Fingers
93,Fingers
94,Fingers
95,Fingers
96,Fingers
97,Fingers
98,Fingers
99,Fingers
100,Fingers
101,Fingers
102,Fingers
103,Fingers
104,Fingers
105,Fingers
106,Fingers
107,Fingers
108,Fingers
109,Fingers
110,Fingers
111,Fingers
112,Fingers
113,Fingers
114,Fingers
115,Fingers
116,Fingers
117,Fingers
118,Fingers
119,Fingers
120,Fingers
121,Fingers
122,Fingers
123,Fingers
124,Fingers
125,Fingers
126,Fingers
127,Fingers
128,Fingers
129,Fingers
130,Fingers
131,Fingers
132,Fingers
133,Fingers
134,Fingers
135,Fingers
136,Fingers
137,Fingers
138,Fingers
139,Fingers
140,Fingers
141,Fingers
142,Fingers
143,Fingers
144,Fingers
145,Fingers
146,Fingers
147,Fingers
148,Fingers
149,Fingers
150,Fingers
151,Fingers
152,Fingers
153,Fingers
154,Fingers
155,Fingers
156,Fingers
157,Fingers
158,Fingers
159,Fingers
160,Fingers
161,Fingers
162,Fingers
163,Fingers
164,Fingers
165,Fingers
166,Fingers
167,Fingers
168,Fingers
169,Fingers
170,Fingers
171,Fingers
172,Fingers
173,Fingers
174,Fingers
175,Fingers
176,Fingers
177,Ribbon
178,Ribbon
179,Ribbon
180,Ribbon
181,Ribbon
182,Ribbon
183,Ribbon
184,Ribbon
185,Ribbon
186,Ribbon
187,Ribbon
188,Ribbon
189,Ribbon
190,Ribbon
191,Ribbon
192,Ribbon
193,Ribbon
194,Ribbon
195,Ribbon
196,Ribbon
197,Ribbon
198,Ribbon
199,Ribbon
200,Ribbon
201,Ribbon
202,Ribbon
203,Ribbon
204,Ribbon
205,Ribbon
206,Ribbon
207,Ribbon
208,Ribbon
209,Ribbon
210,Ribbon
211,Ribbon
212,Fingers
213,Fingers
214,Fingers
215,Fingers
216,Fingers
217,Fingers
218,Fingers
219,Fingers
220,Fingers
221,Fingers
222,FingerTips
223,FingerTips
224,FingerTips
225,FingerTips
226,FingerTips
227,FingerTips
228,FingerTips
229,FingerTips
230,FingerTips
231,FingerTips
232,FingerTips
233,FingerTips
234,FingerTips
235,FingerTips
236,FingerTips
237,FingerTips
238,FingerTips
239,FingerTips
240,Fingers
241,Fingers
242,Fingers
243,Fingers
244,Fingers
245,Fingers
246,Fingers
247,Fingers
248,Fingers
249,Fingers
250,Fingers
251,Fingers
252,Fingers
253,Fingers
254,Fingers
255,Fingers
256,Fingers
257,Fingers
258,Fingers
259,Fingers
260,Fingers
261,Fingers
262,Fingers
263,Fingers
264,Fingers
265,Palm
266,Palm
267,Palm
268,Palm
269,Palm
270,Palm
271,Palm
272,Palm
273,Palm
274,Palm
275,Palm
276,Palm
277,Palm
278,Palm
279,Palm
280,Palm
281,Palm
282,Palm
283,Palm
284,Palm
285,Palm
286,Palm
287,Palm
288,Palm
289,Palm
290,Palm
291,Palm
292,Palm
293,Palm
294,Palm
295,Palm
296,Palm
297,Palm
298,Palm
299,Palm
300,Palm
301,Palm
302,Palm
303,Palm
304,Palm
305,Palm
306,Palm
307,Palm
308,Palm
309,Palm
310,Palm
311,Palm
312,Palm
313,Palm
314,Fingers
315,Fingers
316,Fingers
317,Fingers
318,Fingers
319,Fingers
320,Fingers
321,Fingers
322,Fingers
323,Fingers
324,Fingers
325,Fingers
326,Fingers
327,Fingers
328,Fingers
329,Fingers
330,Fingers
331,Fingers
332,Fingers
333,Fingers
334,Fingers
335,Fingers
336,Fingers
337,Fingers
338,Fingers
339,Fingers
340,Fingers
341,Fingers
342,Fingers
343,Fingers
344,Fingers
345,Fingers
346,Fingers
347,Fingers
348,Fingers
349,Fingers
350,Fingers
351,Fingers
352,BHairpin
353,BHairpin
354,BHairpin
355,BHairpin
356,BHairpin
357,BHairpin
358,BHairpin
359,BHairpin
360,BHairpin
361,BHairpin
362,BHairpin
363,BHairpin
364,BHairpin
365,BHairpin
366,BHairpin
367,BHairpin
368,BHairpin
369,BHairpin
370,BHairpin
371,BHairpin
372,BHairpin
373,BHairpin
374,BHairpin
375,BHairpin
376,BHairpin
377,BHairpin
378,BHairpin
379,BHairpin
380,BHairpin
381,BHairpin
382,BHairpin
383,BHairpin
384,BHairpin
385,BHairpin
386,BHairpin
387,BHairpin
388,BHairpin
389,BHairpin
390,BHairpin
391,BHairpin
392,BHairpin
393,BHairpin
394,BHairpin
395,BHairpin
396,BHairpin
397,BHairpin
398,Fingers
399,Fingers
400,Fingers
401,Fingers
402,Fingers
403,Fingers
404,Fingers
405,Fingers
406,Fingers
407,Fingers
408,Fingers
409,Fingers
410,Fingers
411,Fingers
412,Palm
413,Palm
414,Palm
415,Palm
416,Palm
417,Palm
418,Palm
419,Palm
420,Palm
421,Palm
422,Palm
423,Palm
424,Palm
425,Palm
426,Palm
427,Palm
428,Palm
429,Palm
430,Palm
431,Palm
432,Palm
433,Palm
434,Palm
435,Palm
436,Palm
437,Palm
438,Palm
439,Palm
440,Palm
441,Palm
442,Palm
443,Palm
444,Palm
445,Palm
446,Palm
447,Palm
448,Palm
449,Palm
450,Palm
451,Palm
452,Palm
453,Palm
454,Palm
455,Palm
456,Palm
457,Palm
458,Palm
459,Palm
460,Palm
461,Palm
462,Palm
463,Palm
464,Palm
465,Palm
466,Palm
467,Palm
468,Palm
469,Palm
470,Palm
471,Palm
472,Palm
473,Palm
474,Palm
475,Palm
476,Palm
477,Palm
478,Palm
479,Palm
480,Palm
481,Palm
482,Palm
483,Palm
484,Palm
485,Palm
486,Palm
487,Palm
488,Palm
489,Palm
490,Palm
491,Palm
492,Palm
493,Palm
494,Palm
495,Palm
496,Palm
497,Palm
498,Thumb
499,Thumb
500,Thumb
501,Thumb
502,Thumb
503,Thumb
504,Thumb
505,Thumb
506,Thumb
507,Thumb
508,Thumb
509,Thumb
510,Thumb
511,Thumb
512,Thumb
513,Thumb
514,Thumb
515,Thumb
516,Thumb
517,Thumb
518,Thumb
519,Thumb
520,Thumb
521,Thumb
522,Thumb
523,Thumb
524,Thumb
525,Thumb
526,Thumb
527,Thumb
528,Thumb
529,Thumb
530,Thumb
531,Thumb
532,Thumb
533,Thumb
534,Thumb
535,Thumb
536,Thumb
537,Thumb
538,Thumb
539,Thumb
540,Thumb
541,Thumb
542,Thumb
543,Thumb
544,Thumb
545,Thumb
546,Thumb
547,Thumb
548,Thumb
549,Thumb
550,Thumb
551,Thumb
552,Thumb
553,Thumb
554,Thumb
555,Thumb
556,Thumb
557,Thumb
558,Thumb
559,Thumb
560,Thumb
561,Thumb
562,Thumb
563,Thumb
564,Thumb
565,Thumb
566,Thumb
567,Thumb
568,Thumb
569,Thumb
570,Thumb
571,Thumb
572,Thumb
573,Thumb
574,Thumb
575,Thumb
576,Thumb
577,Thumb
578,Thumb
579,Thumb
580,Thumb
581,Thumb
582,Thumb
583,Thumb
584,Thumb
585,Thumb
586,Thumb
587,Thumb
588,Thumb
589,Thumb
590,Thumb
591,Thumb
592,Thumb
593,Thumb
594,Thumb
595,Thumb
596,Thumb
597,Thumb
598,Thumb
599,Thumb
600,Thumb
601,Thumb
602,Thumb
603,Thumb
604,Thumb
605,Thumb
606,Thumb
607,Thumb
608,Thumb
609,Thumb
610,Thumb
611,Thumb
612,Thumb
613,Thumb
614,Thumb
615,Thumb
616,Thumb
617,Thumb
618,Thumb
619,Thumb
620,Thumb
621,Thumb
622,Thumb
623,Thumb
624,Thumb
625,Thumb
626,Thumb
627,Thumb
628,Thumb
629,Thumb
630,Thumb
631,Thumb
632,Thumb
633,Thumb
634,Thumb
635,Thumb
636,Thumb
637,Thumb
638,Thumb
639,Thumb
640,PrimLoop
641,PrimLoop
642,PrimLoop
643,PrimLoop
644,PrimLoop
645,PrimLoop
646,PrimLoop
647,PrimLoop
648,PrimLoop
649,PrimLoop
650,PrimLoop
651,PrimLoop
652,PrimLoop
653,PrimLoop
654,PrimLoop
655,PrimLoop
656,PrimLoop
657,Thumb
658,Thumb
659,Thumb
660,Thumb
661,Thumb
662,Thumb
663,Thumb
664,Thumb
665,Thumb
666,Thumb
667,Thumb
668,Thumb
669,CExt
670,CExt
671,CExt
672,CExt
673,CExt
674,CExt
675,CExt
676,CExt
677,CExt
678,CExt
679,CExt
680,CExt
681,CExt
682,CExt
683,CExt
684,CExt
685,CExt
686,CExt
687,CExt
688,CExt
689,CExt
690,CExt
691,CExt
692,CExt
693,CExt
694,CExt
695,CExt
696,CExt
697,CExt
698,CExt
699,CExt
700,CExt
701,CExt
702,CExt
703,CExt
704,CExt
705,CExt
706,CExt
707,CExt
708,CExt
709,CExt
710,CExt
711,CExt
712,CExt
713,CExt
714,CExt
715,CExt
716,CExt
717,CExt
718,CExt
719,CExt
720,CExt
721,CExt
722,CExt
723,CExt
724,CExt
725,CExt
726,CExt
727,CExt
728,CExt
729,CExt
730,CExt
731,CExt
732,CExt
733,CExt
734,CExt
735,CExt
736,CExt
737,CExt
738,CExt
739,CExt
740,CExt
741,CExt
742,CExt
743,CExt
744,CExt
745,CExt
746,CExt
747,CExt
748,CExt
749,CExt
750,CExt
751,CExt
752,CExt
753,CExt
754,CExt
755,CExt
756,CExt
757,CExt
758,CExt
